scenario,seed,strategy,detection_probability,false_alarm_probability,interception_ratio,average_intercept_delay,average_reward,coverage
periodic,1,Sequential,0.8823529411764706,0.060240963855421686,0.3065326633165829,23.770491803278688,0.1,1.0
periodic,1,Random,1.0,0.07407407407407407,0.3869346733668342,25.142857142857142,0.13,1.0
periodic,1,Adaptive,0.9333333333333333,0.07058823529411765,0.1708542713567839,12.235294117647058,0.08,1.0
periodic,1,Smart Adaptive,0.9444444444444444,0.06097560975609756,0.2814070351758794,19.107142857142858,0.12,1.0
periodic,2,Sequential,0.9444444444444444,0.07317073170731707,0.23076923076923078,16.916666666666668,0.11,1.0
periodic,2,Random,0.92,0.09333333333333334,0.42788461538461536,21.719101123595507,0.16,1.0
periodic,2,Adaptive,0.9655172413793104,0.08450704225352113,0.1346153846153846,21.142857142857142,0.22,1.0
periodic,2,Smart Adaptive,0.9565217391304348,0.07792207792207792,0.2644230769230769,17.29090909090909,0.16,1.0
periodic,3,Sequential,0.9090909090909091,0.0641025641025641,0.39622641509433965,24.30952380952381,0.15,1.0
periodic,3,Random,0.9090909090909091,0.056179775280898875,0.22641509433962265,26.333333333333332,0.05,1.0
periodic,3,Adaptive,0.9696969696969697,0.07462686567164178,0.15566037735849056,18.454545454545453,0.27,1.0
periodic,3,Smart Adaptive,1.0,0.04938271604938271,0.2028301886792453,17.441860465116278,0.15,1.0
periodic,4,Sequential,0.9565217391304348,0.07792207792207792,0.4594594594594595,20.735294117647058,0.16,1.0
periodic,4,Random,1.0,0.07954545454545454,0.32882882882882886,34.19178082191781,0.05,1.0
periodic,4,Adaptive,1.0,0.07407407407407407,0.18468468468468469,16.146341463414632,0.13,1.0
periodic,4,Smart Adaptive,1.0,0.07228915662650602,0.35135135135135137,25.166666666666668,0.11,1.0
periodic,5,Sequential,0.9130434782608695,0.07792207792207792,0.36018957345971564,17.44736842105263,0.15,1.0
periodic,5,Random,1.0,0.04878048780487805,0.3222748815165877,19.852941176470587,0.14,1.0
periodic,5,Adaptive,0.9642857142857143,0.06944444444444445,0.0995260663507109,8.095238095238095,0.22,1.0
periodic,5,Smart Adaptive,0.9473684210526315,0.07407407407407407,0.23696682464454977,21.96,0.12,1.0
periodic,6,Sequential,0.9444444444444444,0.07317073170731707,0.2857142857142857,16.571428571428573,0.11,1.0
periodic,6,Random,0.9523809523809523,0.08860759493670886,0.4336734693877551,24.4,0.13,1.0
periodic,6,Adaptive,0.9655172413793104,0.07042253521126761,0.0663265306122449,2.6923076923076925,0.23,1.0
periodic,6,Smart Adaptive,0.9444444444444444,0.08536585365853659,0.21428571428571427,31.38095238095238,0.1,1.0
periodic,7,Sequential,0.9375,0.07142857142857142,0.23148148148148148,13.34,0.09,1.0
periodic,7,Random,0.9411764705882353,0.07228915662650602,0.2916666666666667,22.49206349206349,0.1,0.95
periodic,7,Adaptive,1.0,0.06944444444444445,0.05092592592592592,2.8181818181818183,0.23,1.0
periodic,7,Smart Adaptive,1.0,0.07317073170731707,0.20833333333333334,22.6,0.12,1.0
periodic,8,Sequential,0.9473684210526315,0.06172839506172839,0.3768844221105528,24.906666666666666,0.13,1.0
periodic,8,Random,1.0,0.07058823529411765,0.39195979899497485,30.41025641025641,0.09,1.0
periodic,8,Adaptive,0.9629629629629629,0.0684931506849315,0.06532663316582915,4.923076923076923,0.21,1.0
periodic,8,Smart Adaptive,0.9090909090909091,0.07692307692307693,0.36683417085427134,23.136986301369863,0.14,1.0
periodic,9,Sequential,0.9047619047619048,0.0759493670886076,0.36507936507936506,22.26086956521739,0.13,1.0
periodic,9,Random,1.0,0.08235294117647059,0.3492063492063492,25.151515151515152,0.08,1.0
periodic,9,Adaptive,1.0,0.05555555555555555,0.21164021164021163,22.725,0.24,1.0
periodic,9,Smart Adaptive,1.0,0.06097560975609756,0.31746031746031744,25.416666666666668,0.13,1.0
periodic,10,Sequential,0.9444444444444444,0.07317073170731707,0.31336405529953915,17.470588235294116,0.11,1.0
periodic,10,Random,0.8461538461538461,0.06896551724137931,0.2626728110599078,27.403508771929825,0.05,1.0
periodic,10,Adaptive,0.9375,0.07352941176470588,0.11059907834101383,6.583333333333333,0.25,1.0
periodic,10,Smart Adaptive,0.9047619047619048,0.0759493670886076,0.2764976958525346,21.166666666666668,0.13,1.0
periodic,11,Sequential,0.8823529411764706,0.07228915662650602,0.24757281553398058,14.901960784313726,0.09,1.0
periodic,11,Random,1.0,0.07407407407407407,0.4174757281553398,22.91860465116279,0.13,0.95
periodic,11,Adaptive,0.96,0.08,0.14563106796116504,9.666666666666666,0.18,1.0
periodic,11,Smart Adaptive,0.9444444444444444,0.07317073170731707,0.33495145631067963,26.681159420289855,0.11,1.0
periodic,12,Sequential,0.95,0.075,0.3526570048309179,20.52054794520548,0.13,1.0
periodic,12,Random,0.8823529411764706,0.060240963855421686,0.34782608695652173,29.61111111111111,0.1,1.0
periodic,12,Adaptive,0.9354838709677419,0.07246376811594203,0.13043478260869565,9.925925925925926,0.24,1.0
periodic,12,Smart Adaptive,0.875,0.07142857142857142,0.21739130434782608,21.644444444444446,0.08,1.0
periodic,13,Sequential,0.9444444444444444,0.07317073170731707,0.3017241379310345,22.285714285714285,0.11,1.0
periodic,13,Random,0.9545454545454546,0.02564102564102564,0.3793103448275862,19.46590909090909,0.19,1.0
periodic,13,Adaptive,0.9444444444444444,0.078125,0.24568965517241378,24.350877192982455,0.29,1.0
periodic,13,Smart Adaptive,0.9354838709677419,0.08695652173913043,0.41379310344827586,24.989583333333332,0.23,1.0
periodic,14,Sequential,0.9444444444444444,0.07317073170731707,0.3238095238095238,20.529411764705884,0.11,1.0
periodic,14,Random,0.9444444444444444,0.08536585365853659,0.28095238095238095,18.050847457627118,0.1,0.95
periodic,14,Adaptive,0.9032258064516129,0.07246376811594203,0.14285714285714285,14.533333333333333,0.23,1.0
periodic,14,Smart Adaptive,0.9090909090909091,0.08974358974358974,0.3619047619047619,26.43421052631579,0.13,1.0
periodic,15,Sequential,0.9523809523809523,0.05063291139240506,0.3181818181818182,13.682539682539682,0.16,1.0
periodic,15,Random,1.0,0.07142857142857142,0.25252525252525254,15.46,0.1,1.0
periodic,15,Adaptive,0.9642857142857143,0.08333333333333333,0.21212121212121213,18.19047619047619,0.21,1.0
periodic,15,Smart Adaptive,0.9583333333333334,0.07894736842105263,0.2676767676767677,23.528301886792452,0.17,1.0
periodic,16,Sequential,0.9,0.0625,0.3073394495412844,22.388059701492537,0.13,1.0
periodic,16,Random,1.0,0.06578947368421052,0.3944954128440367,19.91860465116279,0.19,0.95
periodic,16,Adaptive,0.9393939393939394,0.08955223880597014,0.07339449541284404,3.4375,0.25,1.0
periodic,16,Smart Adaptive,0.92,0.09333333333333334,0.26605504587155965,23.844827586206897,0.16,1.0
periodic,17,Sequential,0.9166666666666666,0.06818181818181818,0.15348837209302327,13.212121212121213,0.05,1.0
periodic,17,Random,0.8421052631578947,0.06172839506172839,0.32558139534883723,25.15714285714286,0.11,1.0
periodic,17,Adaptive,0.9259259259259259,0.0684931506849315,0.09302325581395349,11.4,0.2,1.0
periodic,17,Smart Adaptive,0.8888888888888888,0.06097560975609756,0.22790697674418606,24.081632653061224,0.11,1.0
periodic,18,Sequential,0.8947368421052632,0.06172839506172839,0.2962962962962963,20.421875,0.12,1.0
periodic,18,Random,1.0,0.07228915662650602,0.3472222222222222,31.69333333333333,0.11,0.95
periodic,18,Adaptive,0.96875,0.07352941176470588,0.1111111111111111,8.416666666666666,0.26,1.0
periodic,18,Smart Adaptive,1.0,0.06493506493506493,0.22685185185185186,20.857142857142858,0.18,1.0
periodic,19,Sequential,0.9130434782608695,0.07792207792207792,0.4647887323943662,21.585858585858585,0.15,1.0
periodic,19,Random,0.95,0.075,0.4131455399061033,21.125,0.13,1.0
periodic,19,Adaptive,0.9583333333333334,0.07894736842105263,0.12206572769953052,20.846153846153847,0.17,1.0
periodic,19,Smart Adaptive,1.0,0.07142857142857142,0.36619718309859156,24.153846153846153,0.1,1.0
periodic,20,Sequential,0.9444444444444444,0.06097560975609756,0.24444444444444444,15.218181818181819,0.12,1.0
periodic,20,Random,1.0,0.07407407407407407,0.28,21.063492063492063,0.13,1.0
periodic,20,Adaptive,1.0,0.08450704225352113,0.12444444444444444,5.714285714285714,0.23,1.0
periodic,20,Smart Adaptive,0.9565217391304348,0.06493506493506493,0.26666666666666666,26.566666666666666,0.17,1.0
bursty,1,Sequential,1.0,0.06976744186046512,0.3112244897959184,25.81967213114754,0.08,1.0
bursty,1,Random,0.9333333333333333,0.07058823529411765,0.29591836734693877,27.655172413793103,0.08,1.0
bursty,1,Adaptive,0.9230769230769231,0.08045977011494253,0.07653061224489796,5.533333333333333,0.05,1.0
bursty,1,Smart Adaptive,0.8823529411764706,0.07228915662650602,0.2755102040816326,25.037037037037038,0.09,1.0
bursty,2,Sequential,0.8888888888888888,0.07317073170731707,0.37073170731707317,23.855263157894736,0.1,1.0
bursty,2,Random,1.0,0.06329113924050633,0.43414634146341463,24.98876404494382,0.16,1.0
bursty,2,Adaptive,0.9444444444444444,0.08536585365853659,0.1902439024390244,17.28205128205128,0.1,1.0
bursty,2,Smart Adaptive,0.9166666666666666,0.09210526315789473,0.33170731707317075,21.279411764705884,0.15,1.0
bursty,3,Sequential,0.9259259259259259,0.0684931506849315,0.49760765550239233,21.596153846153847,0.2,1.0
bursty,3,Random,0.8947368421052632,0.07407407407407407,0.3588516746411483,23.653333333333332,0.11,1.0
bursty,3,Adaptive,0.9545454545454546,0.038461538461538464,0.15311004784688995,10.84375,0.18,1.0
bursty,3,Smart Adaptive,0.95,0.0625,0.291866028708134,22.81967213114754,0.14,1.0
bursty,4,Sequential,0.8947368421052632,0.06172839506172839,0.3248730964467005,19.078125,0.12,1.0
bursty,4,Random,0.9473684210526315,0.07407407407407407,0.28426395939086296,22.446428571428573,0.12,1.0
bursty,4,Adaptive,0.896551724137931,0.056338028169014086,0.22842639593908629,19.466666666666665,0.22,1.0
bursty,4,Smart Adaptive,0.9032258064516129,0.10144927536231885,0.3756345177664975,26.12162162162162,0.21,1.0
bursty,5,Sequential,0.9090909090909091,0.05128205128205128,0.46153846153846156,26.020833333333332,0.16,1.0
bursty,5,Random,0.96,0.06666666666666667,0.46634615384615385,22.52577319587629,0.19,1.0
bursty,5,Adaptive,1.0,0.0625,0.14903846153846154,20.838709677419356,0.15,1.0
bursty,5,Smart Adaptive,1.0,0.06172839506172839,0.32211538461538464,23.82089552238806,0.14,1.0
bursty,6,Sequential,1.0,0.06976744186046512,0.2677595628415301,21.46938775510204,0.08,1.0
bursty,6,Random,0.9166666666666666,0.06818181818181818,0.30601092896174864,29.410714285714285,0.05,1.0
bursty,6,Adaptive,0.9333333333333333,0.07058823529411765,0.10382513661202186,5.526315789473684,0.08,1.0
bursty,6,Smart Adaptive,0.9411764705882353,0.08433734939759036,0.3442622950819672,32.301587301587304,0.09,1.0
bursty,7,Sequential,0.9230769230769231,0.06756756756756757,0.4362745098039216,18.808988764044944,0.19,1.0
bursty,7,Random,0.92,0.06666666666666667,0.4068627450980392,20.10843373493976,0.18,0.95
bursty,7,Adaptive,0.9615384615384616,0.05405405405405406,0.14215686274509803,10.413793103448276,0.21,1.0
bursty,7,Smart Adaptive,0.8947368421052632,0.06172839506172839,0.3284313725490196,22.83582089552239,0.12,1.0
bursty,8,Sequential,0.8333333333333334,0.07317073170731707,0.37628865979381443,24.684931506849313,0.09,1.0
bursty,8,Random,1.0,0.07894736842105263,0.5103092783505154,27.80808080808081,0.18,1.0
bursty,8,Adaptive,0.8846153846153846,0.0945945945945946,0.24742268041237114,18.083333333333332,0.16,1.0
bursty,8,Smart Adaptive,0.9545454545454546,0.08974358974358974,0.29381443298969073,19.596491228070175,0.14,1.0
bursty,9,Sequential,0.9444444444444444,0.08536585365853659,0.37640449438202245,22.83582089552239,0.1,1.0
bursty,9,Random,0.9444444444444444,0.08536585365853659,0.3651685393258427,22.107692307692307,0.1,1.0
bursty,9,Adaptive,0.8823529411764706,0.08433734939759036,0.23595505617977527,22.88095238095238,0.08,1.0
bursty,9,Smart Adaptive,0.9333333333333333,0.1,0.33707865168539325,24.0,0.21,1.0
bursty,10,Sequential,1.0,0.05333333333333334,0.5853658536585366,25.083333333333332,0.21,1.0
bursty,10,Random,1.0,0.056179775280898875,0.2731707317073171,28.642857142857142,0.06,1.0
bursty,10,Adaptive,1.0,0.07407407407407407,0.16585365853658537,10.264705882352942,0.13,1.0
bursty,10,Smart Adaptive,1.0,0.0759493670886076,0.23902439024390243,21.73469387755102,0.15,1.0
bursty,11,Sequential,1.0,0.08641975308641975,0.425,23.564705882352943,0.12,1.0
bursty,11,Random,0.9655172413793104,0.08450704225352113,0.435,18.896551724137932,0.22,0.95
bursty,11,Adaptive,0.9,0.0625,0.205,15.268292682926829,0.13,1.0
bursty,11,Smart Adaptive,0.8846153846153846,0.0945945945945946,0.49,27.897959183673468,0.16,1.0
bursty,12,Sequential,0.9473684210526315,0.04938271604938271,0.4158415841584158,20.238095238095237,0.14,1.0
bursty,12,Random,0.9411764705882353,0.08433734939759036,0.400990099009901,25.765432098765434,0.09,1.0
bursty,12,Adaptive,0.9655172413793104,0.07042253521126761,0.18811881188118812,14.5,0.23,1.0
bursty,12,Smart Adaptive,1.0,0.08641975308641975,0.2722772277227723,22.30909090909091,0.12,1.0
bursty,13,Sequential,1.0,0.06976744186046512,0.3055555555555556,24.96969696969697,0.08,1.0
bursty,13,Random,0.8571428571428571,0.0759493670886076,0.4027777777777778,21.482758620689655,0.12,1.0
bursty,13,Adaptive,0.95,0.075,0.18055555555555555,15.23076923076923,0.13,1.0
bursty,13,Smart Adaptive,0.9473684210526315,0.07407407407407407,0.3055555555555556,23.393939393939394,0.12,1.0
bursty,14,Sequential,0.9047619047619048,0.06329113924050633,0.4926829268292683,25.801980198019802,0.14,1.0
bursty,14,Random,0.9655172413793104,0.07042253521126761,0.5804878048780487,24.941176470588236,0.23,0.95
bursty,14,Adaptive,1.0,0.07692307692307693,0.1902439024390244,12.435897435897436,0.16,1.0
bursty,14,Smart Adaptive,0.9230769230769231,0.08108108108108109,0.3951219512195122,26.14814814814815,0.18,1.0
bursty,15,Sequential,1.0,0.07058823529411765,0.3507853403141361,28.970149253731343,0.09,1.0
bursty,15,Random,1.0,0.0379746835443038,0.41361256544502617,19.936708860759495,0.18,1.0
bursty,15,Adaptive,1.0,0.05405405405405406,0.24607329842931938,13.808510638297872,0.22,1.0
bursty,15,Smart Adaptive,0.9285714285714286,0.041666666666666664,0.387434554973822,18.972972972972972,0.23,1.0
bursty,16,Sequential,0.9375,0.08333333333333333,0.355,29.47887323943662,0.08,1.0
bursty,16,Random,0.9545454545454546,0.07692307692307693,0.44,21.977272727272727,0.15,0.95
bursty,16,Adaptive,1.0,0.09210526315789473,0.175,17.2,0.17,1.0
bursty,16,Smart Adaptive,1.0,0.09722222222222222,0.315,25.142857142857142,0.21,1.0
bursty,17,Sequential,0.8333333333333334,0.07317073170731707,0.3811881188118812,25.493506493506494,0.09,1.0
bursty,17,Random,1.0,0.0759493670886076,0.46534653465346537,25.22340425531915,0.15,1.0
bursty,17,Adaptive,1.0,0.04819277108433735,0.14356435643564355,15.344827586206897,0.13,1.0
bursty,17,Smart Adaptive,1.0,0.07142857142857142,0.3613861386138614,25.65753424657534,0.1,1.0
bursty,18,Sequential,0.9047619047619048,0.08860759493670886,0.42857142857142855,24.080459770114942,0.12,1.0
bursty,18,Random,0.88,0.06666666666666667,0.4039408866995074,26.426829268292682,0.17,0.95
bursty,18,Adaptive,0.9166666666666666,0.06578947368421052,0.2512315270935961,19.80392156862745,0.17,1.0
bursty,18,Smart Adaptive,0.8947368421052632,0.06172839506172839,0.3054187192118227,23.725806451612904,0.12,1.0
bursty,19,Sequential,0.9523809523809523,0.06329113924050633,0.4320388349514563,19.95505617977528,0.15,1.0
bursty,19,Random,1.0,0.06578947368421052,0.4368932038834951,21.07777777777778,0.19,1.0
bursty,19,Adaptive,0.9411764705882353,0.08433734939759036,0.18932038834951456,13.051282051282051,0.09,1.0
bursty,19,Smart Adaptive,0.9444444444444444,0.08536585365853659,0.33980582524271846,21.814285714285713,0.1,1.0
bursty,20,Sequential,0.95,0.0625,0.45045045045045046,23.9,0.14,1.0
bursty,20,Random,0.9,0.075,0.3108108108108108,18.942028985507246,0.12,1.0
bursty,20,Adaptive,0.95,0.0625,0.16666666666666666,18.513513513513512,0.14,1.0
bursty,20,Smart Adaptive,1.0,0.07142857142857142,0.22522522522522523,20.76,0.1,1.0
mixed,1,Sequential,0.90625,0.058823529411764705,0.6310679611650486,26.984615384615385,0.25,1.0
mixed,1,Random,0.9743589743589743,0.11475409836065574,0.5501618122977346,19.82941176470588,0.31,1.0
mixed,1,Adaptive,1.0,0.10344827586206896,0.2459546925566343,14.407894736842104,0.36,1.0
mixed,1,Smart Adaptive,0.9583333333333334,0.11538461538461539,0.4077669902912621,15.738095238095237,0.4,1.0
mixed,2,Sequential,0.9230769230769231,0.06557377049180328,0.7463556851311953,24.640625,0.32,1.0
mixed,2,Random,0.9473684210526315,0.04838709677419355,0.5364431486880467,20.70108695652174,0.33,1.0
mixed,2,Adaptive,0.9444444444444444,0.06521739130434782,0.23323615160349853,13.2,0.48,1.0
mixed,2,Smart Adaptive,0.9423076923076923,0.041666666666666664,0.42565597667638483,22.465753424657535,0.47,1.0
mixed,3,Sequential,0.9166666666666666,0.0625,0.6325301204819277,21.02857142857143,0.29,1.0
mixed,3,Random,0.9714285714285714,0.06153846153846154,0.5150602409638554,21.614035087719298,0.3,1.0
mixed,3,Adaptive,0.9516129032258065,0.07894736842105263,0.3674698795180723,16.31967213114754,0.56,1.0
mixed,3,Smart Adaptive,0.9772727272727273,0.03571428571428571,0.4939759036144578,18.646341463414632,0.41,1.0
mixed,4,Sequential,1.0,0.05970149253731343,0.7117117117117117,23.80590717299578,0.29,1.0
mixed,4,Random,0.9743589743589743,0.08196721311475409,0.6336336336336337,24.587677725118482,0.33,1.0
mixed,4,Adaptive,0.9215686274509803,0.061224489795918366,0.15615615615615616,15.48076923076923,0.44,1.0
mixed,4,Smart Adaptive,0.9534883720930233,0.08771929824561403,0.3063063063063063,26.19607843137255,0.36,1.0
mixed,5,Sequential,0.967741935483871,0.07246376811594203,0.5562310030395137,20.08743169398907,0.25,1.0
mixed,5,Random,0.9534883720930233,0.07017543859649122,0.7082066869300911,24.446351931330472,0.37,1.0
mixed,5,Adaptive,0.9583333333333334,0.057692307692307696,0.2826747720364742,19.666666666666668,0.43,1.0
mixed,5,Smart Adaptive,0.9622641509433962,0.02127659574468085,0.5015197568389058,16.927272727272726,0.5,1.0
mixed,6,Sequential,0.9736842105263158,0.08064516129032258,0.6189024390243902,18.497536945812808,0.32,1.0
mixed,6,Random,0.918918918918919,0.07936507936507936,0.6189024390243902,21.92118226600985,0.29,1.0
mixed,6,Adaptive,0.9565217391304348,0.09259259259259259,0.22865853658536586,11.213333333333333,0.39,1.0
mixed,6,Smart Adaptive,0.9583333333333334,0.038461538461538464,0.3384146341463415,20.18018018018018,0.44,1.0
mixed,7,Sequential,0.9285714285714286,0.034482758620689655,0.7648809523809523,24.747081712062258,0.37,1.0
mixed,7,Random,0.9705882352941176,0.10606060606060606,0.5357142857142857,22.33888888888889,0.26,0.95
mixed,7,Adaptive,0.9818181818181818,0.044444444444444446,0.20833333333333334,9.757142857142858,0.52,1.0
mixed,7,Smart Adaptive,0.9545454545454546,0.05357142857142857,0.3273809523809524,17.345454545454544,0.39,1.0
mixed,8,Sequential,0.9,0.08333333333333333,0.6298701298701299,19.788659793814432,0.31,1.0
mixed,8,Random,0.9347826086956522,0.07407407407407407,0.6103896103896104,21.824468085106382,0.39,1.0
mixed,8,Adaptive,0.9607843137254902,0.04081632653061224,0.2435064935064935,18.173333333333332,0.47,1.0
mixed,8,Smart Adaptive,0.9487179487179487,0.08196721311475409,0.3409090909090909,18.857142857142858,0.32,1.0
mixed,9,Sequential,0.9318181818181818,0.07142857142857142,0.7198697068403909,20.67420814479638,0.37,1.0
mixed,9,Random,0.918918918918919,0.07936507936507936,0.5211726384364821,18.46875,0.29,1.0
mixed,9,Adaptive,1.0,0.08333333333333333,0.36156351791530944,21.675675675675677,0.48,1.0
mixed,9,Smart Adaptive,1.0,0.0625,0.44299674267100975,14.536764705882353,0.49,1.0
mixed,10,Sequential,0.9705882352941176,0.045454545454545456,0.6656346749226006,23.148837209302325,0.3,1.0
mixed,10,Random,0.9142857142857143,0.07692307692307693,0.544891640866873,25.136363636363637,0.27,1.0
mixed,10,Adaptive,0.9259259259259259,0.043478260869565216,0.12693498452012383,6.512195121951219,0.48,1.0
mixed,10,Smart Adaptive,0.8974358974358975,0.06557377049180328,0.3591331269349845,20.78448275862069,0.31,1.0
mixed,11,Sequential,0.9047619047619048,0.06896551724137931,0.7085889570552147,19.844155844155843,0.34,1.0
mixed,11,Random,0.9210526315789473,0.04838709677419355,0.5337423312883436,16.275862068965516,0.32,0.95
mixed,11,Adaptive,0.98,0.08,0.31901840490797545,9.625,0.45,1.0
mixed,11,Smart Adaptive,0.9534883720930233,0.07017543859649122,0.4662576687116564,18.50657894736842,0.37,1.0
mixed,12,Sequential,0.926829268292683,0.05084745762711865,0.6782608695652174,19.756410256410255,0.35,1.0
mixed,12,Random,0.9444444444444444,0.078125,0.5391304347826087,19.193548387096776,0.29,1.0
mixed,12,Adaptive,0.9636363636363636,0.06666666666666667,0.17971014492753623,15.564516129032258,0.5,1.0
mixed,12,Smart Adaptive,0.9583333333333334,0.057692307692307696,0.27246376811594203,6.446808510638298,0.43,1.0
mixed,13,Sequential,0.95,0.05,0.6898550724637681,22.785714285714285,0.35,1.0
mixed,13,Random,0.975609756097561,0.11864406779661017,0.6231884057971014,22.311627906976746,0.33,1.0
mixed,13,Adaptive,0.9824561403508771,0.046511627906976744,0.21739130434782608,10.373333333333333,0.54,1.0
mixed,13,Smart Adaptive,0.9787234042553191,0.07547169811320754,0.3565217391304348,10.178861788617887,0.42,1.0
mixed,14,Sequential,0.9473684210526315,0.06451612903225806,0.6666666666666666,23.110091743119266,0.32,1.0
mixed,14,Random,0.95,0.08333333333333333,0.5871559633027523,19.583333333333332,0.33,0.95
mixed,14,Adaptive,1.0,0.07352941176470588,0.17737003058103976,23.32758620689655,0.27,1.0
mixed,14,Smart Adaptive,1.0,0.045454545454545456,0.3058103975535168,22.3,0.31,1.0
mixed,15,Sequential,0.925,0.05,0.6037151702786377,19.625641025641027,0.34,1.0
mixed,15,Random,0.9166666666666666,0.078125,0.5108359133126935,19.721212121212123,0.28,1.0
mixed,15,Adaptive,0.9318181818181818,0.03571428571428571,0.13003095975232198,10.880952380952381,0.39,1.0
mixed,15,Smart Adaptive,0.9090909090909091,0.07142857142857142,0.2724458204334365,20.397727272727273,0.36,1.0
mixed,16,Sequential,0.9459459459459459,0.047619047619047616,0.6525679758308157,22.041666666666668,0.32,1.0
mixed,16,Random,0.967741935483871,0.028985507246376812,0.5226586102719033,22.791907514450866,0.28,0.95
mixed,16,Adaptive,0.92,0.12,0.29607250755287007,11.683673469387756,0.4,1.0
mixed,16,Smart Adaptive,0.9574468085106383,0.07547169811320754,0.3867069486404834,11.109375,0.41,1.0
mixed,17,Sequential,0.8918918918918919,0.06349206349206349,0.6137724550898204,22.41951219512195,0.29,1.0
mixed,17,Random,0.9523809523809523,0.08620689655172414,0.6107784431137725,21.32843137254902,0.35,1.0
mixed,17,Adaptive,0.9565217391304348,0.07407407407407407,0.2844311377245509,12.68421052631579,0.4,1.0
mixed,17,Smart Adaptive,0.9523809523809523,0.06896551724137931,0.4550898203592814,22.82236842105263,0.36,1.0
mixed,18,Sequential,0.90625,0.04411764705882353,0.6246418338108882,28.880733944954127,0.26,1.0
mixed,18,Random,0.9393939393939394,0.05970149253731343,0.5587392550143266,21.333333333333332,0.27,0.95
mixed,18,Adaptive,0.9322033898305084,0.07317073170731707,0.3151862464183381,15.245454545454546,0.52,1.0
mixed,18,Smart Adaptive,0.9302325581395349,0.07017543859649122,0.40114613180515757,15.428571428571429,0.36,1.0
mixed,19,Sequential,0.95,0.08333333333333333,0.6856287425149701,19.54585152838428,0.33,1.0
mixed,19,Random,0.9210526315789473,0.06451612903225806,0.5449101796407185,19.967032967032967,0.31,1.0
mixed,19,Adaptive,0.9180327868852459,0.05128205128205128,0.32934131736526945,18.827272727272728,0.54,1.0
mixed,19,Smart Adaptive,0.9245283018867925,0.0851063829787234,0.39221556886227543,13.80916030534351,0.45,1.0
mixed,20,Sequential,0.9047619047619048,0.08620689655172414,0.5242424242424243,16.890173410404625,0.33,1.0
mixed,20,Random,0.926829268292683,0.06779661016949153,0.5545454545454546,19.284153005464482,0.34,1.0
mixed,20,Adaptive,0.9152542372881356,0.04878048780487805,0.29393939393939394,17.721649484536083,0.52,1.0
mixed,20,Smart Adaptive,0.9361702127659575,0.03773584905660377,0.42424242424242425,16.178571428571427,0.42,1.0
